{
    "manifestVersion": 5,
    "id": "DW5.CoalMine",
    "name": "DWFiv3's Coal Mine",
    "version": "2.0.1",
    "updateUrl": "https://raw.githubusercontent.com/DWFiv3/DW5CoalMine/main/update/update.json",
    "requires": [
        {
            "id": "railloader",
            "notBefore": "1.8.2.1"
        },
        {
            "id": "Zamu.StrangeCustoms",
            "notBefore": "1.7.24194.2259"
        }
    ],
    "conflictsWith": [
        "Stormscoalyard",
        "NicksRobinsonMineProdRate.IndustryFix",
        "CFRobinsonGapRevamp"
    ],
    "mixintos": {
        "game-graph": [
            "file(DW5CoalMine.json)"
        ]
    },
    "assemblies": [ "DW5CoalMine" ]
}